,job_ids,modul1times,modul2times,modul3times,modul4times
0,66,974865.0,1125069.6,1685356.599,1885356.6
1,67,1184674.6,688761.0,1823640.199,2023640.199
2,68,962944.0,936717.8,1077385.6,1277385.6
3,69,1729550.0,960559.8,1406405.2,1606405.2
4,70,729292.4,1039238.3999999999,1785493.0,1985493.0
5,71,1220437.5999999999,924796.7999999999,1272890.0,1472890.0
6,72,822276.2000000001,1141759.0,6215336.6,6415336.6
7,73,1170369.4000000001,1036854.2,1194211.4,1394211.4
